{
    "epoch": 2.380952380952381,
    "total_flos": 3.998977145597952e+16,
    "train_loss": 0.04161496579019647,
    "train_runtime": 10262.1814,
    "train_samples_per_second": 37.32,
    "train_steps_per_second": 1.166
}