{
    "epoch": 3.0,
    "total_flos": 5.038427028212122e+16,
    "train_loss": 0.04112350012525082,
    "train_runtime": 12692.7811,
    "train_samples_per_second": 30.172,
    "train_steps_per_second": 0.943
}