label,ROC-AUC
toxic,0.9755441187716771
severe_toxic,0.9905827257183124
obscene,0.9833410058507415
threat,0.9836843062461478
insult,0.9827046995335034
identity_hate,0.9880494324480514
mean (ROC-AUC-macro),0.9839843814280723
std,0.0051660891180101975
