{
    "epoch": 3.0,
    "total_flos": 5.038427028212122e+16,
    "train_loss": 0.040669831158025326,
    "train_runtime": 12643.4482,
    "train_samples_per_second": 30.29,
    "train_steps_per_second": 0.947
}